image_id,x,y,terrain,crowns
1,0,0,Grassland,0
1,100,0,Lake,0
1,200,0,Forest,0
1,300,0,Forest,0
1,400,0,Forest,0
1,0,100,Grassland,0
1,100,100,Forest,0
1,200,100,Forest,0
1,300,100,Forest,1
1,400,100,Grassland,0
1,0,200,Grassland,0
1,100,200,Swamp,1
1,200,200,Home,0
1,300,200,Forest,0
1,400,200,Grassland,0
1,0,300,Grassland,0
1,100,300,Swamp,2
1,200,300,Lake,0
1,300,300,Grassland,2
1,400,300,Grassland,1
1,0,400,Forest,0
1,100,400,Lake,1
1,200,400,Lake,0
1,300,400,Grassland,1
1,400,400,Field,0
2,0,0,Field,0
2,100,0,Swamp,0
2,200,0,Field,0
2,300,0,Mine,2
2,400,0,Swamp,0
2,0,100,Mine,1
2,100,100,Swamp,1
2,200,100,Field,0
2,300,100,Field,0
2,400,100,Forest,0
2,0,200,Mine,2
2,100,200,Swamp,0
2,200,200,Home,0
2,300,200,Field,0
2,400,200,Field,0
2,0,300,Mine,2
2,100,300,Mine,3
2,200,300,Grassland,0
2,300,300,Grassland,0
2,400,300,Field,1
2,0,400,Field,0
2,100,400,Field,0
2,200,400,Swamp,0
2,300,400,Swamp,0
2,400,400,Grassland,0
3,0,0,Swamp,2
3,100,0,Field,1
3,200,0,Forest,0
3,300,0,Forest,0
3,400,0,Forest,0
3,0,100,Field,0
3,100,100,Field,0
3,200,100,Forest,1
3,300,100,Forest,0
3,400,100,Forest,0
3,0,200,Mine,0
3,100,200,Field,1
3,200,200,Home,0
3,300,200,Forest,0
3,400,200,Lake,1
3,0,300,Field,0
3,100,300,Forest,1
3,200,300,Forest,0
3,300,300,Forest,1
3,400,300,Lake,0
3,0,400,Lake,0
3,100,400,Lake,0
3,200,400,Lake,1
3,300,400,Forest,0
3,400,400,Lake,1
4,0,0,Lake,1
4,100,0,Field,0
4,200,0,Field,1
4,300,0,Swamp,0
4,400,0,Field,0
4,0,100,Lake,0
4,100,100,Field,1
4,200,100,Grassland,2
4,300,100,Grassland,0
4,400,100,Field,0
4,0,200,Lake,0
4,100,200,Field,0
4,200,200,Field,0
4,300,200,Field,0
4,400,200,Field,0
4,0,300,Lake,1
4,100,300,Field,0
4,200,300,Field,0
4,300,300,Forest,1
4,400,300,Forest,1
4,0,400,Lake,0
4,100,400,Lake,0
4,200,400,Home,0
4,300,400,Lake,0
4,400,400,Lake,0
5,0,0,Grassland,0
5,100,0,Lake,0
5,200,0,Forest,0
5,300,0,Forest,0
5,400,0,Forest,0
5,0,100,Grassland,0
5,100,100,Forest,0
5,200,100,Forest,0
5,300,100,Forest,1
5,400,100,Grassland,0
5,0,200,Grassland,0
5,100,200,Swamp,1
5,200,200,Home,0
5,300,200,Forest,0
5,400,200,Grassland,0
5,0,300,Grassland,0
5,100,300,Swamp,2
5,200,300,Lake,0
5,300,300,Grassland,2
5,400,300,Grassland,1
5,0,400,Forest,0
5,100,400,Lake,1
5,200,400,Lake,0
5,300,400,Grassland,1
5,400,400,Field,0
6,0,0,Field,0
6,100,0,Swamp,0
6,200,0,Field,0
6,300,0,Mine,2
6,400,0,Swamp,0
6,0,100,Mine,1
6,100,100,Swamp,1
6,200,100,Field,0
6,300,100,Field,0
6,400,100,Forest,0
6,0,200,Mine,2
6,100,200,Swamp,0
6,200,200,Home,0
6,300,200,Field,0
6,400,200,Field,0
6,0,300,Mine,2
6,100,300,Mine,3
6,200,300,Grassland,0
6,300,300,Grassland,0
6,400,300,Field,1
6,0,400,Field,0
6,100,400,Field,0
6,200,400,Swamp,0
6,300,400,Swamp,0
6,400,400,Grassland,0
7,0,0,Swamp,2
7,100,0,Field,1
7,200,0,Forest,0
7,300,0,Forest,0
7,400,0,Forest,0
7,0,100,Field,0
7,100,100,Field,0
7,200,100,Forest,1
7,300,100,Forest,0
7,400,100,Forest,0
7,0,200,Mine,0
7,100,200,Field,1
7,200,200,Home,0
7,300,200,Forest,0
7,400,200,Lake,1
7,0,300,Field,0
7,100,300,Forest,1
7,200,300,Forest,0
7,300,300,Forest,1
7,400,300,Lake,0
7,0,400,Lake,0
7,100,400,Lake,0
7,200,400,Lake,1
7,300,400,Forest,0
7,400,400,Lake,1
8,0,0,Lake,1
8,100,0,Field,0
8,200,0,Field,1
8,300,0,Swamp,0
8,400,0,Field,0
8,0,100,Lake,0
8,100,100,Field,1
8,200,100,Grassland,2
8,300,100,Grassland,0
8,400,100,Field,0
8,0,200,Lake,0
8,100,200,Field,0
8,200,200,Field,0
8,300,200,Field,0
8,400,200,Field,0
8,0,300,Lake,1
8,100,300,Field,0
8,200,300,Field,0
8,300,300,Forest,1
8,400,300,Forest,1
8,0,400,Lake,0
8,100,400,Lake,0
8,200,400,Home,0
8,300,400,Lake,0
8,400,400,Lake,0
9,0,0,Unknown,0
9,100,0,Mine,2
9,200,0,Field,0
9,300,0,Field,1
9,400,0,Grassland,0
9,0,100,Field,0
9,100,100,Grassland,1
9,200,100,Lake,0
9,300,100,Field,1
9,400,100,Forest,1
9,0,200,Unknown,0
9,100,200,Grassland,0
9,200,200,Grassland,2
9,300,200,Field,0
9,400,200,Field,0
9,0,300,Field,0
9,100,300,Swamp,1
9,200,300,Field,0
9,300,300,Field,0
9,400,300,Home,0
9,0,400,Swamp,1
9,100,400,Swamp,0
9,200,400,Field,1
9,300,400,Field,0
9,400,400,Lake,0
10,0,0,Field,1
10,100,0,Mine,0
10,200,0,Mine,2
10,300,0,Mine,2
10,400,0,Unknown,0
10,0,100,Lake,0
10,100,100,Forest,1
10,200,100,Swamp,0
10,300,100,Swamp,0
10,400,100,Unknown,0
10,0,200,Lake,0
10,100,200,Lake,0
10,200,200,Home,0
10,300,200,Swamp,2
10,400,200,Field,0
10,0,300,Lake,0
10,100,300,Lake,1
10,200,300,Forest,0
10,300,300,Field,0
10,400,300,Field,0
10,0,400,Lake,0
10,100,400,Lake,1
10,200,400,Forest,0
10,300,400,Forest,1
10,400,400,Forest,0
11,0,0,Forest,0
11,100,0,Forest,1
11,200,0,Forest,0
11,300,0,Forest,0
11,400,0,Forest,0
11,0,100,Lake,1
11,100,100,Field,0
11,200,100,Field,1
11,300,100,Forest,0
11,400,100,Forest,0
11,0,200,Lake,1
11,100,200,Field,0
11,200,200,Field,0
11,300,200,Forest,1
11,400,200,Home,0
11,0,300,Lake,0
11,100,300,Grassland,1
11,200,300,Grassland,0
11,300,300,Forest,1
11,400,300,Forest,0
11,0,400,Unknown,0
11,100,400,Unknown,0
11,200,400,Grassland,0
11,300,400,Forest,0
11,400,400,Forest,0
12,0,0,Field,0
12,100,0,Field,0
12,200,0,Grassland,0
12,300,0,Grassland,0
12,400,0,Unknown,0
12,0,100,Forest,0
12,100,100,Lake,1
12,200,100,Lake,0
12,300,100,Lake,0
12,400,100,Unknown,0
12,0,200,Grassland,0
12,100,200,Grassland,0
12,200,200,Grassland,2
12,300,200,Forest,0
12,400,200,Lake,0
12,0,300,Grassland,0
12,100,300,Swamp,2
12,200,300,Grassland,0
12,300,300,Field,0
12,400,300,Lake,0
12,0,400,Swamp,0
12,100,400,Swamp,0
12,200,400,Home,0
12,300,400,Field,0
12,400,400,Lake,1
13,0,0,Unknown,0
13,100,0,Swamp,2
13,200,0,Field,0
13,300,0,Field,1
13,400,0,Grassland,0
13,0,100,Field,0
13,100,100,Grassland,1
13,200,100,Lake,0
13,300,100,Field,1
13,400,100,Forest,1
13,0,200,Unknown,0
13,100,200,Grassland,0
13,200,200,Grassland,2
13,300,200,Field,0
13,400,200,Field,0
13,0,300,Field,0
13,100,300,Swamp,1
13,200,300,Field,0
13,300,300,Field,0
13,400,300,Home,0
13,0,400,Swamp,1
13,100,400,Swamp,0
13,200,400,Field,1
13,300,400,Field,0
13,400,400,Lake,0
14,0,0,Field,1
14,100,0,Mine,0
14,200,0,Mine,2
14,300,0,Mine,2
14,400,0,Unknown,0
14,0,100,Lake,0
14,100,100,Forest,1
14,200,100,Swamp,0
14,300,100,Swamp,0
14,400,100,Unknown,0
14,0,200,Lake,0
14,100,200,Lake,0
14,200,200,Home,0
14,300,200,Swamp,2
14,400,200,Field,0
14,0,300,Lake,0
14,100,300,Lake,1
14,200,300,Forest,0
14,300,300,Field,0
14,400,300,Field,0
14,0,400,Lake,0
14,100,400,Lake,1
14,200,400,Forest,0
14,300,400,Forest,1
14,400,400,Forest,0
15,0,0,Forest,0
15,100,0,Forest,1
15,200,0,Forest,0
15,300,0,Forest,0
15,400,0,Forest,0
15,0,100,Lake,1
15,100,100,Field,0
15,200,100,Field,1
15,300,100,Forest,0
15,400,100,Forest,0
15,0,200,Lake,1
15,100,200,Field,0
15,200,200,Field,0
15,300,200,Forest,1
15,400,200,Home,0
15,0,300,Lake,0
15,100,300,Grassland,1
15,200,300,Grassland,0
15,300,300,Forest,1
15,400,300,Forest,0
15,0,400,Unknown,0
15,100,400,Unknown,0
15,200,400,Grassland,0
15,300,400,Forest,0
15,400,400,Forest,0
16,0,0,Field,0
16,100,0,Field,0
16,200,0,Grassland,0
16,300,0,Grassland,0
16,400,0,Unknown,0
16,0,100,Forest,0
16,100,100,Lake,1
16,200,100,Lake,0
16,300,100,Lake,0
16,400,100,Unknown,0
16,0,200,Grassland,0
16,100,200,Grassland,0
16,200,200,Grassland,2
16,300,200,Forest,0
16,400,200,Lake,0
16,0,300,Grassland,0
16,100,300,Swamp,2
16,200,300,Grassland,0
16,300,300,Field,0
16,400,300,Lake,0
16,0,400,Swamp,0
16,100,400,Swamp,0
16,200,400,Home,0
16,300,400,Field,0
16,400,400,Lake,1
17,0,0,Swamp,0
17,100,0,Grassland,0
17,200,0,Swamp,2
17,300,0,Field,0
17,400,0,Forest,0
17,0,100,Swamp,0
17,100,100,Grassland,0
17,200,100,Swamp,0
17,300,100,Field,0
17,400,100,Forest,0
17,0,200,Swamp,2
17,100,200,Grassland,0
17,200,200,Home,0
17,300,200,Field,0
17,400,200,Forest,1
17,0,300,Swamp,1
17,100,300,Grassland,1
17,200,300,Lake,0
17,300,300,Lake,1
17,400,300,Forest,0
17,0,400,Field,0
17,100,400,Grassland,2
17,200,400,Lake,0
17,300,400,Lake,0
17,400,400,Lake,0
18,0,0,Grassland,0
18,100,0,Forest,1
18,200,0,Field,0
18,300,0,Field,0
18,400,0,Lake,0
18,0,100,Unknown,0
18,100,100,Forest,0
18,200,100,Forest,1
18,300,100,Field,0
18,400,100,Field,1
18,0,200,Unknown,0
18,100,200,Forest,0
18,200,200,Home,0
18,300,200,Field,1
18,400,200,Field,0
18,0,300,Forest,0
18,100,300,Forest,1
18,200,300,Forest,0
18,300,300,Forest,0
18,400,300,Forest,1
18,0,400,Lake,0
18,100,400,Lake,0
18,200,400,Forest,0
18,300,400,Forest,0
18,400,400,Forest,0
19,0,0,Field,1
19,100,0,Grassland,0
19,200,0,Forest,0
19,300,0,Grassland,0
19,400,0,Lake,0
19,0,100,Field,0
19,100,100,Grassland,1
19,200,100,Grassland,0
19,300,100,Grassland,0
19,400,100,Field,0
19,0,200,Mine,2
19,100,200,Swamp,0
19,200,200,Home,0
19,300,200,Forest,0
19,400,200,Field,0
19,0,300,Mine,2
19,100,300,Mine,3
19,200,300,Field,0
19,300,300,Forest,1
19,400,300,Swamp,0
19,0,400,Field,0
19,100,400,Field,0
19,200,400,Field,0
19,300,400,Field,0
19,400,400,Field,1
20,0,0,Lake,1
20,100,0,Lake,0
20,200,0,Lake,0
20,300,0,Lake,0
20,400,0,Lake,0
20,0,100,Forest,0
20,100,100,Swamp,1
20,200,100,Grassland,0
20,300,100,Forest,0
20,400,100,Lake,1
20,0,200,Mine,2
20,100,200,Swamp,0
20,200,200,Home,0
20,300,200,Forest,0
20,400,200,Lake,1
20,0,300,Mine,1
20,100,300,Mine,0
20,200,300,Grassland,0
20,300,300,Grassland,2
20,400,300,Lake,1
20,0,400,Lake,0
20,100,400,Lake,1
20,200,400,Lake,0
20,300,400,Lake,0
20,400,400,Lake,0
21,0,0,Swamp,0
21,100,0,Grassland,0
21,200,0,Swamp,2
21,300,0,Field,0
21,400,0,Forest,0
21,0,100,Swamp,0
21,100,100,Grassland,0
21,200,100,Swamp,0
21,300,100,Field,0
21,400,100,Forest,0
21,0,200,Swamp,2
21,100,200,Grassland,0
21,200,200,Home,0
21,300,200,Field,0
21,400,200,Forest,1
21,0,300,Swamp,1
21,100,300,Grassland,1
21,200,300,Lake,0
21,300,300,Lake,1
21,400,300,Forest,0
21,0,400,Field,0
21,100,400,Grassland,2
21,200,400,Lake,0
21,300,400,Lake,0
21,400,400,Lake,0
22,0,0,Grassland,0
22,100,0,Forest,1
22,200,0,Field,0
22,300,0,Field,0
22,400,0,Lake,0
22,0,100,Unknown,0
22,100,100,Forest,0
22,200,100,Forest,1
22,300,100,Field,0
22,400,100,Field,1
22,0,200,Unknown,0
22,100,200,Forest,0
22,200,200,Home,0
22,300,200,Field,1
22,400,200,Field,0
22,0,300,Forest,0
22,100,300,Forest,1
22,200,300,Forest,0
22,300,300,Forest,0
22,400,300,Forest,1
22,0,400,Lake,0
22,100,400,Lake,0
22,200,400,Forest,0
22,300,400,Forest,0
22,400,400,Forest,0
23,0,0,Field,1
23,100,0,Grassland,0
23,200,0,Forest,0
23,300,0,Grassland,0
23,400,0,Lake,0
23,0,100,Field,0
23,100,100,Grassland,1
23,200,100,Grassland,0
23,300,100,Grassland,0
23,400,100,Field,0
23,0,200,Mine,2
23,100,200,Swamp,0
23,200,200,Home,0
23,300,200,Forest,0
23,400,200,Field,0
23,0,300,Mine,2
23,100,300,Mine,3
23,200,300,Field,0
23,300,300,Forest,1
23,400,300,Swamp,0
23,0,400,Field,0
23,100,400,Field,0
23,200,400,Field,0
23,300,400,Field,0
23,400,400,Field,1
24,0,0,Lake,1
24,100,0,Lake,0
24,200,0,Lake,0
24,300,0,Lake,0
24,400,0,Lake,0
24,0,100,Forest,0
24,100,100,Swamp,1
24,200,100,Grassland,0
24,300,100,Forest,0
24,400,100,Lake,1
24,0,200,Mine,2
24,100,200,Swamp,0
24,200,200,Home,0
24,300,200,Forest,0
24,400,200,Lake,1
24,0,300,Mine,1
24,100,300,Mine,0
24,200,300,Grassland,0
24,300,300,Grassland,2
24,400,300,Lake,1
24,0,400,Field,0
24,100,400,Field,1
24,200,400,Field,0
24,300,400,Field,0
24,400,400,Field,0
25,0,0,Unknown,0
25,100,0,Lake,0
25,200,0,Lake,1
25,300,0,Lake,1
25,400,0,Field,0
25,0,100,Unknown,0
25,100,100,Forest,0
25,200,100,Forest,0
25,300,100,Lake,0
25,400,100,Field,1
25,0,200,Lake,0
25,100,200,Forest,1
25,200,200,Home,0
25,300,200,Lake,0
25,400,200,Field,0
25,0,300,Lake,1
25,100,300,Forest,0
25,200,300,Field,0
25,300,300,Mine,2
25,400,300,Field,0
25,0,400,Grassland,0
25,100,400,Forest,1
25,200,400,Mine,2
25,300,400,Mine,0
25,400,400,Field,1
26,0,0,Forest,0
26,100,0,Forest,0
26,200,0,Forest,0
26,300,0,Forest,0
26,400,0,Lake,0
26,0,100,Forest,1
26,100,100,Field,0
26,200,100,Forest,0
26,300,100,Forest,0
26,400,100,Lake,0
26,0,200,Mine,1
26,100,200,Field,0
26,200,200,Home,0
26,300,200,Forest,0
26,400,200,Lake,1
26,0,300,Field,0
26,100,300,Field,0
26,200,300,Forest,1
26,300,300,Forest,0
26,400,300,Lake,1
26,0,400,Lake,1
26,100,400,Lake,0
26,200,400,Lake,0
26,300,400,Lake,0
26,400,400,Lake,0
27,0,0,Grassland,0
27,100,0,Grassland,0
27,200,0,Field,0
27,300,0,Field,0
27,400,0,Field,0
27,0,100,Lake,0
27,100,100,Grassland,1
27,200,100,Grassland,2
27,300,100,Field,0
27,400,100,Forest,0
27,0,200,Lake,0
27,100,200,Grassland,2
27,200,200,Home,0
27,300,200,Field,0
27,400,200,Forest,1
27,0,300,Grassland,1
27,100,300,Grassland,0
27,200,300,Field,0
27,300,300,Field,1
27,400,300,Forest,0
27,0,400,Field,0
27,100,400,Grassland,0
27,200,400,Forest,1
27,300,400,Forest,0
27,400,400,Forest,0
28,0,0,Mine,2
28,100,0,Mine,3
28,200,0,Field,0
28,300,0,Field,1
28,400,0,Swamp,0
28,0,100,Swamp,0
28,100,100,Swamp,2
28,200,100,Grassland,0
28,300,100,Grassland,0
28,400,100,Forest,0
28,0,200,Swamp,0
28,100,200,Swamp,0
28,200,200,Swamp,1
28,300,200,Grassland,0
28,400,200,Home,0
28,0,300,Swamp,2
28,100,300,Swamp,1
28,200,300,Swamp,0
28,300,300,Grassland,0
28,400,300,Grassland,0
28,0,400,Field,0
28,100,400,Field,0
28,200,400,Field,0
28,300,400,Field,0
28,400,400,Field,1
29,0,0,Field,0
29,100,0,Field,1
29,200,0,Field,0
29,300,0,Field,0
29,400,0,Field,1
29,0,100,Lake,1
29,100,100,Lake,0
29,200,100,Lake,0
29,300,100,Mine,2
29,400,100,Mine,0
29,0,200,Lake,1
29,100,200,Forest,0
29,200,200,Home,0
29,300,200,Swamp,0
29,400,200,Mine,2
29,0,300,Lake,0
29,100,300,Forest,0
29,200,300,Forest,1
29,300,300,Forest,0
29,400,300,Forest,1
29,0,400,Unknown,0
29,100,400,Unknown,0
29,200,400,Lake,0
29,300,400,Lake,1
29,400,400,Grassland,0
30,0,0,Forest,0
30,100,0,Forest,0
30,200,0,Forest,0
30,300,0,Forest,0
30,400,0,Lake,0
30,0,100,Forest,1
30,100,100,Field,0
30,200,100,Forest,0
30,300,100,Forest,0
30,400,100,Lake,0
30,0,200,Mine,1
30,100,200,Field,0
30,200,200,Home,0
30,300,200,Forest,0
30,400,200,Lake,1
30,0,300,Field,0
30,100,300,Field,0
30,200,300,Forest,1
30,300,300,Forest,0
30,400,300,Lake,1
30,0,400,Lake,1
30,100,400,Lake,0
30,200,400,Lake,0
30,300,400,Lake,0
30,400,400,Lake,0
31,0,0,Grassland,0
31,100,0,Grassland,0
31,200,0,Field,0
31,300,0,Field,0
31,400,0,Field,0
31,0,100,Lake,0
31,100,100,Grassland,1
31,200,100,Grassland,2
31,300,100,Field,0
31,400,100,Forest,0
31,0,200,Lake,0
31,100,200,Grassland,2
31,200,200,Home,0
31,300,200,Field,0
31,400,200,Forest,1
31,0,300,Grassland,1
31,100,300,Grassland,0
31,200,300,Field,0
31,300,300,Field,1
31,400,300,Forest,0
31,0,400,Field,0
31,100,400,Grassland,0
31,200,400,Forest,1
31,300,400,Forest,0
31,400,400,Forest,0
32,0,0,Mine,2
32,100,0,Mine,3
32,200,0,Field,0
32,300,0,Field,1
32,400,0,Swamp,0
32,0,100,Swamp,0
32,100,100,Swamp,2
32,200,100,Grassland,0
32,300,100,Grassland,0
32,400,100,Forest,0
32,0,200,Swamp,0
32,100,200,Swamp,0
32,200,200,Swamp,1
32,300,200,Grassland,0
32,400,200,Home,0
32,0,300,Swamp,2
32,100,300,Swamp,1
32,200,300,Swamp,0
32,300,300,Grassland,0
32,400,300,Grassland,0
32,0,400,Field,0
32,100,400,Field,0
32,200,400,Field,0
32,300,400,Field,0
32,400,400,Field,1
33,0,0,Grassland,2
33,100,0,Field,0
33,200,0,Lake,1
33,300,0,Lake,0
33,400,0,Lake,1
33,0,100,Field,0
33,100,100,Field,1
33,200,100,Swamp,0
33,300,100,Field,0
33,400,100,Forest,0
33,0,200,Lake,1
33,100,200,Field,0
33,200,200,Home,0
33,300,200,Forest,0
33,400,200,Forest,0
33,0,300,Lake,1
33,100,300,Forest,0
33,200,300,Forest,0
33,300,300,Forest,0
33,400,300,Unknown,0
33,0,400,Lake,1
33,100,400,Forest,0
33,200,400,Field,0
33,300,400,Field,0
33,400,400,Unknown,0
34,0,0,Swamp,0
34,100,0,Swamp,0
34,200,0,Home,0
34,300,0,Grassland,0
34,400,0,Grassland,0
34,0,100,Swamp,2
34,100,100,Field,0
34,200,100,Field,0
34,300,100,Grassland,0
34,400,100,Grassland,1
34,0,200,Swamp,0
34,100,200,Mine,2
34,200,200,Field,0
34,300,200,Field,0
34,400,200,Field,0
34,0,300,Swamp,2
34,100,300,Grassland,0
34,200,300,Field,0
34,300,300,Forest,1
34,400,300,Field,1
34,0,400,Forest,0
34,100,400,Grassland,0
34,200,400,Field,0
34,300,400,Mine,1
34,400,400,Lake,0
35,0,0,Swamp,1
35,100,0,Field,0
35,200,0,Forest,0
35,300,0,Forest,0
35,400,0,Forest,0
35,0,100,Swamp,0
35,100,100,Forest,1
35,200,100,Forest,0
35,300,100,Lake,1
35,400,100,Lake,0
35,0,200,Field,0
35,100,200,Field,0
35,200,200,Home,0
35,300,200,Lake,0
35,400,200,Lake,0
35,0,300,Field,0
35,100,300,Field,0
35,200,300,Field,1
35,300,300,Lake,0
35,400,300,Lake,0
35,0,400,Mine,3
35,100,400,Mine,2
35,200,400,Mine,0
35,300,400,Mine,2
35,400,400,Swamp,0
36,0,0,Field,0
36,100,0,Forest,1
36,200,0,Forest,0
36,300,0,Forest,0
36,400,0,Swamp,1
36,0,100,Field,1
36,100,100,Field,0
36,200,100,Forest,0
36,300,100,Home,0
36,400,100,Grassland,0
36,0,200,Grassland,0
36,100,200,Field,1
36,200,200,Forest,0
36,300,200,Forest,1
36,400,200,Grassland,0
36,0,300,Lake,0
36,100,300,Forest,1
36,200,300,Forest,1
36,300,300,Grassland,0
36,400,300,Grassland,0
36,0,400,Lake,0
36,100,400,Field,0
36,200,400,Lake,0
36,300,400,Grassland,2
36,400,400,Lake,0
37,0,0,Grassland,2
37,100,0,Field,0
37,200,0,Lake,1
37,300,0,Lake,0
37,400,0,Lake,1
37,0,100,Field,0
37,100,100,Field,1
37,200,100,Swamp,0
37,300,100,Field,0
37,400,100,Forest,0
37,0,200,Lake,1
37,100,200,Field,0
37,200,200,Home,0
37,300,200,Forest,0
37,400,200,Forest,0
37,0,300,Lake,1
37,100,300,Forest,0
37,200,300,Forest,0
37,300,300,Forest,0
37,400,300,Unknown,0
37,0,400,Lake,1
37,100,400,Forest,0
37,200,400,Field,0
37,300,400,Field,0
37,400,400,Unknown,0
38,0,0,Swamp,0
38,100,0,Swamp,0
38,200,0,Home,0
38,300,0,Grassland,0
38,400,0,Grassland,0
38,0,100,Swamp,2
38,100,100,Field,0
38,200,100,Field,0
38,300,100,Grassland,0
38,400,100,Grassland,1
38,0,200,Swamp,0
38,100,200,Mine,2
38,200,200,Field,0
38,300,200,Field,0
38,400,200,Field,0
38,0,300,Swamp,2
38,100,300,Grassland,0
38,200,300,Field,0
38,300,300,Forest,1
38,400,300,Field,1
38,0,400,Forest,0
38,100,400,Grassland,0
38,200,400,Field,0
38,300,400,Mine,1
38,400,400,Lake,0
39,0,0,Swamp,1
39,100,0,Field,0
39,200,0,Forest,0
39,300,0,Forest,0
39,400,0,Forest,0
39,0,100,Swamp,0
39,100,100,Forest,1
39,200,100,Forest,0
39,300,100,Lake,1
39,400,100,Lake,0
39,0,200,Field,0
39,100,200,Field,0
39,200,200,Home,0
39,300,200,Lake,0
39,400,200,Lake,0
39,0,300,Field,0
39,100,300,Field,0
39,200,300,Field,1
39,300,300,Lake,0
39,400,300,Lake,0
39,0,400,Mine,3
39,100,400,Mine,2
39,200,400,Mine,0
39,300,400,Mine,2
39,400,400,Swamp,0
40,0,0,Field,0
40,100,0,Forest,1
40,200,0,Forest,0
40,300,0,Forest,0
40,400,0,Swamp,1
40,0,100,Field,1
40,100,100,Field,0
40,200,100,Forest,0
40,300,100,Home,0
40,400,100,Grassland,0
40,0,200,Grassland,0
40,100,200,Field,1
40,200,200,Forest,0
40,300,200,Forest,1
40,400,200,Grassland,0
40,0,300,Lake,0
40,100,300,Forest,1
40,200,300,Forest,1
40,300,300,Grassland,0
40,400,300,Grassland,0
40,0,400,Lake,0
40,100,400,Field,0
40,200,400,Lake,0
40,300,400,Grassland,2
40,400,400,Lake,0
41,0,0,Field,0
41,100,0,Swamp,0
41,200,0,Field,1
41,300,0,Forest,0
41,400,0,Lake,1
41,0,100,Grassland,2
41,100,100,Grassland,0
41,200,100,Field,0
41,300,100,Field,0
41,400,100,Lake,0
41,0,200,Forest,0
41,100,200,Lake,1
41,200,200,Lake,0
41,300,200,Lake,0
41,400,200,Lake,0
41,0,300,Mine,2
41,100,300,Swamp,0
41,200,300,Field,0
41,300,300,Forest,1
41,400,300,Lake,0
41,0,400,Mine,3
41,100,400,Field,0
41,200,400,Field,0
41,300,400,Forest,0
41,400,400,Home,0
42,0,0,Field,1
42,100,0,Lake,0
42,200,0,Lake,0
42,300,0,Forest,0
42,400,0,Forest,0
42,0,100,Field,0
42,100,100,Field,0
42,200,100,Forest,1
42,300,100,Forest,0
42,400,100,Forest,0
42,0,200,Field,0
42,100,200,Lake,1
42,200,200,Forest,0
42,300,200,Forest,0
42,400,200,Swamp,0
42,0,300,Field,0
42,100,300,Lake,1
42,200,300,Lake,0
42,300,300,Forest,1
42,400,300,Mine,2
42,0,400,Field,0
42,100,400,Field,0
42,200,400,Field,0
42,300,400,Forest,1
42,400,400,Home,0
43,0,0,Forest,1
43,100,0,Forest,0
43,200,0,Forest,0
43,300,0,Field,1
43,400,0,Field,1
43,0,100,Grassland,0
43,100,100,Grassland,0
43,200,100,Grassland,0
43,300,100,Field,1
43,400,100,Mine,0
43,0,200,Lake,0
43,100,200,Grassland,1
43,200,200,Home,0
43,300,200,Field,0
43,400,200,Mine,1
43,0,300,Swamp,2
43,100,300,Grassland,0
43,200,300,Grassland,1
43,300,300,Field,0
43,400,300,Grassland,0
43,0,400,Lake,0
43,100,400,Grassland,2
43,200,400,Grassland,0
43,300,400,Grassland,0
43,400,400,Grassland,0
44,0,0,Field,0
44,100,0,Swamp,0
44,200,0,Field,1
44,300,0,Forest,0
44,400,0,Lake,1
44,0,100,Grassland,2
44,100,100,Grassland,0
44,200,100,Field,0
44,300,100,Field,0
44,400,100,Lake,0
44,0,200,Forest,0
44,100,200,Lake,1
44,200,200,Lake,0
44,300,200,Lake,0
44,400,200,Lake,0
44,0,300,Mine,2
44,100,300,Swamp,0
44,200,300,Field,0
44,300,300,Forest,1
44,400,300,Lake,0
44,0,400,Mine,3
44,100,400,Field,0
44,200,400,Field,0
44,300,400,Forest,0
44,400,400,Home,0
45,0,0,Forest,0
45,100,0,Field,0
45,200,0,Swamp,1
45,300,0,Field,0
45,400,0,Grassland,0
45,0,100,Forest,0
45,100,100,Field,0
45,200,100,Swamp,0
45,300,100,Swamp,2
45,400,100,Swamp,1
45,0,200,Home,0
45,100,200,Field,0
45,200,200,Mine,2
45,300,200,Swamp,0
45,400,200,Swamp,0
45,0,300,Forest,0
45,100,300,Field,0
45,200,300,Field,0
45,300,300,Lake,1
45,400,300,Lake,0
45,0,400,Forest,0
45,100,400,Forest,1
45,200,400,Forest,0
45,300,400,Lake,1
45,400,400,Lake,0
46,0,0,Field,1
46,100,0,Lake,0
46,200,0,Lake,0
46,300,0,Forest,0
46,400,0,Forest,0
46,0,100,Field,0
46,100,100,Field,0
46,200,100,Forest,1
46,300,100,Forest,0
46,400,100,Forest,0
46,0,200,Field,0
46,100,200,Lake,1
46,200,200,Forest,0
46,300,200,Forest,0
46,400,200,Swamp,0
46,0,300,Field,0
46,100,300,Lake,1
46,200,300,Lake,0
46,300,300,Forest,1
46,400,300,Mine,2
46,0,400,Field,0
46,100,400,Field,0
46,200,400,Field,0
46,300,400,Forest,1
46,400,400,Home,0
47,0,0,Forest,1
47,100,0,Forest,0
47,200,0,Forest,0
47,300,0,Field,1
47,400,0,Field,1
47,0,100,Grassland,0
47,100,100,Grassland,0
47,200,100,Grassland,0
47,300,100,Field,1
47,400,100,Mine,0
47,0,200,Lake,0
47,100,200,Grassland,1
47,200,200,Home,0
47,300,200,Field,0
47,400,200,Mine,1
47,0,300,Swamp,2
47,100,300,Grassland,0
47,200,300,Grassland,1
47,300,300,Field,0
47,400,300,Grassland,0
47,0,400,Lake,0
47,100,400,Grassland,2
47,200,400,Grassland,0
47,300,400,Grassland,0
47,400,400,Grassland,0
48,0,0,Lake,0
48,100,0,Swamp,2
48,200,0,Field,0
48,300,0,Forest,0
48,400,0,Forest,0
48,0,100,Field,1
48,100,100,Field,0
48,200,100,Field,0
48,300,100,Field,0
48,400,100,Forest,1
48,0,200,Field,1
48,100,200,Field,0
48,200,200,Home,0
48,300,200,Field,0
48,400,200,Forest,1
48,0,300,Swamp,0
48,100,300,Mine,1
48,200,300,Mine,2
48,300,300,Field,0
48,400,300,Field,0
48,0,400,Swamp,0
48,100,400,Swamp,0
48,200,400,Swamp,0
48,300,400,Swamp,1
48,400,400,Swamp,0
49,0,0,Field,0
49,100,0,Lake,0
49,200,0,Lake,1
49,300,0,Forest,0
49,400,0,Forest,0
49,0,100,Field,0
49,100,100,Forest,0
49,200,100,Mine,3
49,300,100,Field,0
49,400,100,Lake,0
49,0,200,Swamp,1
49,100,200,Grassland,0
49,200,200,Home,0
49,300,200,Lake,0
49,400,200,Lake,0
49,0,300,Grassland,2
49,100,300,Grassland,0
49,200,300,Forest,0
49,300,300,Lake,1
49,400,300,Lake,1
49,0,400,Field,0
49,100,400,Field,0
49,200,400,Forest,1
49,300,400,Forest,0
49,400,400,Forest,0
50,0,0,Forest,0
50,100,0,Forest,0
50,200,0,Forest,1
50,300,0,Field,0
50,400,0,Grassland,0
50,0,100,Forest,0
50,100,100,Forest,1
50,200,100,Forest,0
50,300,100,Field,1
50,400,100,Grassland,0
50,0,200,Forest,0
50,100,200,Lake,0
50,200,200,Home,0
50,300,200,Field,0
50,400,200,Grassland,0
50,0,300,Lake,0
50,100,300,Lake,1
50,200,300,Field,0
50,300,300,Field,1
50,400,300,Mine,0
50,0,400,Lake,0
50,100,400,Lake,0
50,200,400,Lake,0
50,300,400,Swamp,0
50,400,400,Mine,2
51,0,0,Grassland,1
51,100,0,Grassland,0
51,200,0,Lake,1
51,300,0,Lake,1
51,400,0,Field,0
51,0,100,Lake,0
51,100,100,Forest,1
51,200,100,Forest,0
51,300,100,Mine,2
51,400,100,Field,0
51,0,200,Forest,0
51,100,200,Forest,0
51,200,200,Home,0
51,300,200,Grassland,0
51,400,200,Field,1
51,0,300,Field,0
51,100,300,Swamp,2
51,200,300,Lake,0
51,300,300,Grassland,0
51,400,300,Field,0
51,0,400,Grassland,1
51,100,400,Grassland,0
51,200,400,Grassland,2
51,300,400,Grassland,0
51,400,400,Field,0
52,0,0,Lake,0
52,100,0,Swamp,2
52,200,0,Field,0
52,300,0,Forest,0
52,400,0,Forest,0
52,0,100,Field,1
52,100,100,Field,0
52,200,100,Field,0
52,300,100,Field,0
52,400,100,Forest,1
52,0,200,Field,1
52,100,200,Field,0
52,200,200,Home,0
52,300,200,Field,0
52,400,200,Forest,1
52,0,300,Swamp,0
52,100,300,Mine,1
52,200,300,Mine,2
52,300,300,Field,0
52,400,300,Field,0
52,0,400,Swamp,0
52,100,400,Swamp,0
52,200,400,Swamp,0
52,300,400,Swamp,1
52,400,400,Swamp,0
53,0,0,Field,0
53,100,0,Lake,0
53,200,0,Lake,1
53,300,0,Forest,0
53,400,0,Forest,0
53,0,100,Field,0
53,100,100,Forest,0
53,200,100,Mine,2
53,300,100,Field,0
53,400,100,Lake,0
53,0,200,Swamp,1
53,100,200,Grassland,0
53,200,200,Home,0
53,300,200,Lake,0
53,400,200,Lake,0
53,0,300,Grassland,2
53,100,300,Grassland,0
53,200,300,Forest,0
53,300,300,Lake,1
53,400,300,Lake,1
53,0,400,Field,0
53,100,400,Field,0
53,200,400,Forest,1
53,300,400,Forest,0
53,400,400,Forest,0
54,0,0,Forest,0
54,100,0,Forest,0
54,200,0,Forest,1
54,300,0,Field,0
54,400,0,Grassland,0
54,0,100,Forest,0
54,100,100,Forest,1
54,200,100,Forest,0
54,300,100,Field,1
54,400,100,Grassland,0
54,0,200,Forest,0
54,100,200,Lake,0
54,200,200,Home,0
54,300,200,Field,0
54,400,200,Grassland,0
54,0,300,Lake,0
54,100,300,Lake,1
54,200,300,Field,0
54,300,300,Field,1
54,400,300,Mine,0
54,0,400,Lake,0
54,100,400,Lake,0
54,200,400,Lake,0
54,300,400,Swamp,0
54,400,400,Mine,2
55,0,0,Grassland,1
55,100,0,Grassland,0
55,200,0,Lake,1
55,300,0,Lake,1
55,400,0,Field,0
55,0,100,Lake,0
55,100,100,Forest,1
55,200,100,Forest,0
55,300,100,Mine,2
55,400,100,Field,0
55,0,200,Forest,0
55,100,200,Forest,0
55,200,200,Home,0
55,300,200,Grassland,0
55,400,200,Field,1
55,0,300,Field,0
55,100,300,Swamp,2
55,200,300,Lake,0
55,300,300,Grassland,0
55,400,300,Field,0
55,0,400,Grassland,1
55,100,400,Grassland,0
55,200,400,Grassland,2
55,300,400,Grassland,0
55,400,400,Field,0
56,0,0,Mine,2
56,100,0,Forest,0
56,200,0,Lake,1
56,300,0,Lake,0
56,400,0,Lake,0
56,0,100,Field,0
56,100,100,Forest,0
56,200,100,Lake,1
56,300,100,Lake,0
56,400,100,Lake,0
56,0,200,Field,0
56,100,200,Field,0
56,200,200,Mine,2
56,300,200,Lake,0
56,400,200,Lake,1
56,0,300,Swamp,2
56,100,300,Swamp,0
56,200,300,Swamp,0
56,300,300,Forest,1
56,400,300,Forest,0
56,0,400,Swamp,0
56,100,400,Swamp,0
56,200,400,Home,0
56,300,400,Field,0
56,400,400,Forest,1
57,0,0,Grassland,0
57,100,0,Forest,1
57,200,0,Grassland,0
57,300,0,Grassland,0
57,400,0,Lake,0
57,0,100,Grassland,0
57,100,100,Forest,0
57,200,100,Grassland,2
57,300,100,Field,0
57,400,100,Forest,0
57,0,200,Grassland,0
57,100,200,Grassland,0
57,200,200,Grassland,0
57,300,200,Field,1
57,400,200,Home,0
57,0,300,Grassland,0
57,100,300,Swamp,1
57,200,300,Grassland,0
57,300,300,Field,0
57,400,300,Field,1
57,0,400,Grassland,0
57,100,400,Swamp,2
57,200,400,Grassland,2
57,300,400,Lake,0
57,400,400,Lake,0
58,0,0,Field,0
58,100,0,Swamp,0
58,200,0,Swamp,1
58,300,0,Field,0
58,400,0,Home,0
58,0,100,Mine,1
58,100,100,Mine,2
58,200,100,Field,0
58,300,100,Field,0
58,400,100,Forest,1
58,0,200,Mine,0
58,100,200,Field,1
58,200,200,Field,0
58,300,200,Forest,0
58,400,200,Forest,0
58,0,300,Lake,0
58,100,300,Field,0
58,200,300,Field,0
58,300,300,Field,0
58,400,300,Forest,1
58,0,400,Grassland,1
58,100,400,Grassland,1
58,200,400,Field,0
58,300,400,Forest,0
58,400,400,Forest,0
59,0,0,Mine,3
59,100,0,Field,0
59,200,0,Home,0
59,300,0,Field,0
59,400,0,Lake,0
59,0,100,Forest,1
59,100,100,Field,0
59,200,100,Lake,1
59,300,100,Field,0
59,400,100,Lake,1
59,0,200,Forest,0
59,100,200,Field,0
59,200,200,Field,0
59,300,200,Field,1
59,400,200,Lake,0
59,0,300,Forest,0
59,100,300,Forest,0
59,200,300,Field,1
59,300,300,Swamp,0
59,400,300,Lake,0
59,0,400,Forest,0
59,100,400,Forest,0
59,200,400,Forest,0
59,300,400,Forest,0
59,400,400,Lake,1
60,0,0,Mine,2
60,100,0,Forest,0
60,200,0,Lake,1
60,300,0,Lake,0
60,400,0,Lake,0
60,0,100,Field,0
60,100,100,Forest,0
60,200,100,Lake,1
60,300,100,Lake,0
60,400,100,Lake,0
60,0,200,Field,0
60,100,200,Field,0
60,200,200,Mine,2
60,300,200,Lake,0
60,400,200,Lake,1
60,0,300,Swamp,2
60,100,300,Swamp,0
60,200,300,Swamp,0
60,300,300,Forest,1
60,400,300,Forest,0
60,0,400,Swamp,0
60,100,400,Swamp,0
60,200,400,Home,0
60,300,400,Field,0
60,400,400,Forest,1
61,0,0,Grassland,0
61,100,0,Forest,1
61,200,0,Grassland,0
61,300,0,Grassland,0
61,400,0,Lake,0
61,0,100,Grassland,0
61,100,100,Forest,0
61,200,100,Grassland,2
61,300,100,Field,0
61,400,100,Forest,0
61,0,200,Grassland,0
61,100,200,Grassland,0
61,200,200,Grassland,0
61,300,200,Field,1
61,400,200,Home,0
61,0,300,Grassland,0
61,100,300,Swamp,1
61,200,300,Grassland,0
61,300,300,Field,0
61,400,300,Field,1
61,0,400,Grassland,0
61,100,400,Swamp,2
61,200,400,Grassland,2
61,300,400,Lake,0
61,400,400,Lake,0
62,0,0,Field,0
62,100,0,Swamp,0
62,200,0,Swamp,1
62,300,0,Field,0
62,400,0,Home,0
62,0,100,Mine,1
62,100,100,Mine,2
62,200,100,Field,0
62,300,100,Field,0
62,400,100,Forest,1
62,0,200,Mine,0
62,100,200,Field,1
62,200,200,Field,0
62,300,200,Forest,0
62,400,200,Forest,0
62,0,300,Lake,0
62,100,300,Field,0
62,200,300,Field,0
62,300,300,Field,0
62,400,300,Forest,1
62,0,400,Grassland,1
62,100,400,Grassland,1
62,200,400,Field,0
62,300,400,Forest,0
62,400,400,Forest,0
63,0,0,Mine,3
63,100,0,Field,0
63,200,0,Home,0
63,300,0,Field,0
63,400,0,Lake,0
63,0,100,Forest,1
63,100,100,Field,0
63,200,100,Lake,1
63,300,100,Field,0
63,400,100,Lake,1
63,0,200,Forest,0
63,100,200,Field,0
63,200,200,Field,0
63,300,200,Field,1
63,400,200,Lake,0
63,0,300,Forest,0
63,100,300,Forest,0
63,200,300,Field,1
63,300,300,Swamp,0
63,400,300,Lake,0
63,0,400,Forest,0
63,100,400,Forest,0
63,200,400,Forest,0
63,300,400,Forest,0
63,400,400,Lake,1
64,0,0,Forest,0
64,100,0,Forest,1
64,200,0,Forest,1
64,300,0,Forest,1
64,400,0,Forest,0
64,0,100,Forest,0
64,100,100,Field,0
64,200,100,Field,0
64,300,100,Field,0
64,400,100,Field,1
64,0,200,Forest,1
64,100,200,Field,0
64,200,200,Field,0
64,300,200,Field,0
64,400,200,Field,0
64,0,300,Forest,0
64,100,300,Field,0
64,200,300,Forest,0
64,300,300,Forest,0
64,400,300,Field,0
64,0,400,Forest,0
64,100,400,Forest,0
64,200,400,Forest,0
64,300,400,Forest,0
64,400,400,Home,0
65,0,0,Grassland,0
65,100,0,Grassland,0
65,200,0,Lake,0
65,300,0,Field,0
65,400,0,Swamp,0
65,0,100,Forest,1
65,100,100,Grassland,0
65,200,100,Grassland,0
65,300,100,Field,1
65,400,100,Field,0
65,0,200,Forest,0
65,100,200,Grassland,0
65,200,200,Grassland,2
65,300,200,Field,0
65,400,200,Home,0
65,0,300,Lake,0
65,100,300,Grassland,1
65,200,300,Grassland,1
65,300,300,Field,0
65,400,300,Field,0
65,0,400,Lake,0
65,100,400,Grassland,2
65,200,400,Grassland,0
65,300,400,Grassland,0
65,400,400,Grassland,0
66,0,0,Field,1
66,100,0,Field,0
66,200,0,Field,0
66,300,0,Field,0
66,400,0,Field,1
66,0,100,Swamp,0
66,100,100,Mine,1
66,200,100,Mine,3
66,300,100,Mine,2
66,400,100,Mine,0
66,0,200,Swamp,0
66,100,200,Mine,2
66,200,200,Mine,2
66,300,200,Swamp,2
66,400,200,Field,0
66,0,300,Swamp,1
66,100,300,Field,0
66,200,300,Swamp,0
66,300,300,Swamp,1
66,400,300,Grassland,0
66,0,400,Swamp,0
66,100,400,Swamp,0
66,200,400,Swamp,2
66,300,400,Grassland,0
66,400,400,Home,0
67,0,0,Lake,0
67,100,0,Lake,0
67,200,0,Lake,0
67,300,0,Lake,0
67,400,0,Home,0
67,0,100,Lake,1
67,100,100,Field,0
67,200,100,Lake,0
67,300,100,Lake,1
67,400,100,Lake,0
67,0,200,Lake,1
67,100,200,Field,0
67,200,200,Field,1
67,300,200,Forest,0
67,400,200,Forest,0
67,0,300,Lake,0
67,100,300,Forest,0
67,200,300,Forest,1
67,300,300,Forest,0
67,400,300,Forest,0
67,0,400,Lake,0
67,100,400,Lake,1
67,200,400,Lake,0
67,300,400,Lake,1
67,400,400,Lake,1
68,0,0,Forest,0
68,100,0,Forest,1
68,200,0,Forest,1
68,300,0,Forest,1
68,400,0,Forest,0
68,0,100,Forest,0
68,100,100,Field,0
68,200,100,Field,0
68,300,100,Field,0
68,400,100,Field,1
68,0,200,Forest,1
68,100,200,Field,0
68,200,200,Field,0
68,300,200,Field,0
68,400,200,Field,0
68,0,300,Forest,0
68,100,300,Field,0
68,200,300,Forest,0
68,300,300,Forest,0
68,400,300,Field,0
68,0,400,Forest,0
68,100,400,Forest,0
68,200,400,Forest,0
68,300,400,Forest,0
68,400,400,Home,0
69,0,0,Field,1
69,100,0,Field,0
69,200,0,Field,0
69,300,0,Field,0
69,400,0,Field,1
69,0,100,Swamp,0
69,100,100,Mine,1
69,200,100,Mine,3
69,300,100,Mine,2
69,400,100,Mine,0
69,0,200,Swamp,0
69,100,200,Mine,2
69,200,200,Mine,2
69,300,200,Swamp,2
69,400,200,Field,0
69,0,300,Swamp,1
69,100,300,Field,0
69,200,300,Swamp,0
69,300,300,Swamp,1
69,400,300,Grassland,0
69,0,400,Swamp,0
69,100,400,Swamp,0
69,200,400,Swamp,2
69,300,400,Grassland,0
69,400,400,Home,0
70,0,0,Lake,0
70,100,0,Lake,0
70,200,0,Lake,0
70,300,0,Lake,0
70,400,0,Home,0
70,0,100,Lake,1
70,100,100,Field,0
70,200,100,Lake,0
70,300,100,Lake,1
70,400,100,Lake,0
70,0,200,Lake,1
70,100,200,Field,0
70,200,200,Field,1
70,300,200,Forest,0
70,400,200,Forest,0
70,0,300,Lake,0
70,100,300,Forest,0
70,200,300,Forest,1
70,300,300,Forest,0
70,400,300,Forest,0
70,0,400,Lake,0
70,100,400,Lake,1
70,200,400,Lake,0
70,300,400,Lake,1
70,400,400,Lake,1
71,0,0,Forest,0
71,100,0,Forest,1
71,200,0,Forest,1
71,300,0,Forest,1
71,400,0,Forest,0
71,0,100,Forest,0
71,100,100,Field,0
71,200,100,Field,0
71,300,100,Field,0
71,400,100,Field,1
71,0,200,Forest,1
71,100,200,Field,0
71,200,200,Field,0
71,300,200,Field,0
71,400,200,Field,0
71,0,300,Forest,0
71,100,300,Field,0
71,200,300,Forest,0
71,300,300,Forest,0
71,400,300,Field,0
71,0,400,Forest,0
71,100,400,Forest,0
71,200,400,Forest,0
71,300,400,Forest,0
71,400,400,Home,0
72,0,0,Grassland,0
72,100,0,Grassland,0
72,200,0,Lake,0
72,300,0,Field,0
72,400,0,Swamp,0
72,0,100,Forest,1
72,100,100,Grassland,0
72,200,100,Grassland,0
72,300,100,Field,1
72,400,100,Field,0
72,0,200,Forest,0
72,100,200,Grassland,0
72,200,200,Grassland,2
72,300,200,Field,0
72,400,200,Home,0
72,0,300,Lake,0
72,100,300,Grassland,1
72,200,300,Grassland,1
72,300,300,Field,0
72,400,300,Field,0
72,0,400,Lake,0
72,100,400,Grassland,2
72,200,400,Grassland,0
72,300,400,Grassland,0
72,400,400,Grassland,0
73,0,0,Field,1
73,100,0,Field,0
73,200,0,Field,0
73,300,0,Field,0
73,400,0,Field,1
73,0,100,Swamp,0
73,100,100,Mine,1
73,200,100,Mine,3
73,300,100,Mine,2
73,400,100,Mine,0
73,0,200,Swamp,0
73,100,200,Mine,2
73,200,200,Mine,2
73,300,200,Swamp,2
73,400,200,Field,0
73,0,300,Swamp,1
73,100,300,Field,0
73,200,300,Swamp,0
73,300,300,Swamp,1
73,400,300,Grassland,0
73,0,400,Swamp,0
73,100,400,Swamp,0
73,200,400,Swamp,2
73,300,400,Grassland,0
73,400,400,Home,0
74,0,0,Lake,0
74,100,0,Lake,0
74,200,0,Lake,0
74,300,0,Lake,0
74,400,0,Home,0
74,0,100,Lake,1
74,100,100,Field,0
74,200,100,Lake,0
74,300,100,Lake,1
74,400,100,Lake,0
74,0,200,Lake,1
74,100,200,Field,0
74,200,200,Field,1
74,300,200,Forest,0
74,400,200,Forest,0
74,0,300,Lake,0
74,100,300,Forest,0
74,200,300,Forest,1
74,300,300,Forest,0
74,400,300,Forest,0
74,0,400,Lake,0
74,100,400,Lake,1
74,200,400,Lake,0
74,300,400,Lake,1
74,400,400,Lake,1
